index,train_acc
0,0.599
1,0.59
2,0.586
3,0.595
4,0.603
5,0.596
6,0.597
7,0.5805
8,0.585
9,0.5945
10,0.586
11,0.583
12,0.5795
13,0.5875
14,0.5665
15,0.5745
16,0.562
17,0.576
18,0.5725
19,0.574
20,0.566
21,0.5745
22,0.5815
23,0.5705
24,0.575
25,0.566
26,0.5605
27,0.563
28,0.5525
29,0.547
30,0.561
31,0.547
32,0.551
33,0.5625
34,0.5595
35,0.5355
36,0.5385
37,0.5505
38,0.5285
39,0.5435
40,0.536
41,0.541
42,0.551
43,0.5595
44,0.548
45,0.543
46,0.5495
47,0.5385
48,0.5635
49,0.537
50,0.546
51,0.5425
52,0.543
53,0.541
54,0.538
55,0.5435
56,0.5395
57,0.548
58,0.549
59,0.534
60,0.548
61,0.555
62,0.5615
63,0.5465
64,0.5635
65,0.5505
66,0.555
67,0.5445
68,0.538
69,0.5595
70,0.556
71,0.5665
72,0.5495
73,0.5545
74,0.556
75,0.544
76,0.5355
77,0.548
78,0.5405
79,0.539
80,0.536
81,0.557
82,0.5405
83,0.5515
84,0.5325
85,0.5305
86,0.5335
87,0.541
88,0.544
89,0.5375
90,0.5415
91,0.557
92,0.5535
93,0.5385
94,0.5425
95,0.527
96,0.53
97,0.531
98,0.524
99,0.5365
100,0.5195
101,0.53
102,0.5345
103,0.5395
104,0.528
105,0.528
106,0.5235
107,0.523
108,0.533
109,0.5245
110,0.5305
111,0.533
112,0.5075
113,0.5415
114,0.5185
115,0.518
116,0.5175
117,0.5175
118,0.5345
119,0.5235
120,0.5135
121,0.5165
122,0.525
123,0.529
124,0.5405
125,0.5415
126,0.541
127,0.533
128,0.529
129,0.524
130,0.539
131,0.5235
132,0.549
133,0.537
134,0.524
135,0.526
136,0.5255
137,0.5295
138,0.5325
139,0.5405
140,0.5345
141,0.5395
142,0.546
143,0.5465
144,0.5505
145,0.5285
146,0.5535
147,0.532
148,0.556
149,0.5475
150,0.546
151,0.547
152,0.5275
153,0.5345
154,0.543
155,0.56
156,0.543
157,0.5535
158,0.5385
159,0.557
160,0.537
161,0.545
162,0.555
163,0.5555
164,0.548
165,0.5465
166,0.5525
167,0.5545
168,0.561
169,0.5615
170,0.55
171,0.5595
172,0.534
173,0.537
174,0.533
175,0.53
176,0.5315
177,0.544
178,0.5505
179,0.5295
180,0.5325
181,0.5575
182,0.5325
183,0.5355
184,0.546
185,0.5215
186,0.539
187,0.5475
188,0.5325
189,0.5475
190,0.534
191,0.5435
192,0.533
193,0.5465
194,0.546
195,0.552
196,0.536
197,0.5355
198,0.552
199,0.536
200,0.5325
201,0.5375
202,0.552
203,0.537
204,0.5285
205,0.552
206,0.571
207,0.5425
208,0.5675
209,0.568
210,0.545
211,0.5595
212,0.5395
213,0.568
214,0.549
215,0.542
216,0.5525
217,0.535
218,0.544
219,0.5485
220,0.5385
221,0.54
222,0.539
223,0.535
224,0.5275
225,0.5555
226,0.5305
227,0.567
228,0.5485
229,0.559
230,0.5595
231,0.5435
232,0.544
233,0.555
234,0.55
235,0.5565
236,0.5645
237,0.5545
238,0.5425
239,0.548
240,0.559
241,0.5495
242,0.5565
243,0.5515
244,0.5615
245,0.55
246,0.568
247,0.5785
248,0.5595
249,0.5585
250,0.5605
251,0.566
252,0.577
253,0.577
254,0.566
255,0.5545
256,0.5565
257,0.558
258,0.5715
259,0.545
260,0.555
261,0.5665
262,0.5675
263,0.5665
264,0.554
265,0.5545
266,0.5645
267,0.5655
268,0.5785
269,0.5705
270,0.5565
271,0.5515
272,0.56
273,0.5635
274,0.5585
275,0.5475
276,0.564
277,0.5475
278,0.5555
279,0.5445
280,0.5685
281,0.5485
282,0.567
283,0.5545
284,0.5505
285,0.5655
286,0.5365
287,0.555
288,0.541
289,0.56
290,0.5555
291,0.5645
292,0.5655
293,0.5485
294,0.5525
295,0.561
296,0.5445
297,0.556
298,0.5565
299,0.5625
300,0.561
301,0.558
302,0.569
303,0.5615
304,0.5605
305,0.534
306,0.5625
307,0.5415
308,0.5525
309,0.5635
310,0.5655
311,0.553
312,0.5485
313,0.554
314,0.561
315,0.568
316,0.5695
317,0.5475
318,0.5535
319,0.5755
320,0.555
321,0.5555
322,0.5535
323,0.564
324,0.561
325,0.5505
326,0.5665
327,0.568
328,0.5445
329,0.563
330,0.558
331,0.566
332,0.5735
333,0.576
334,0.5485
335,0.5465
336,0.5565
337,0.5485
338,0.5585
339,0.5685
340,0.5425
341,0.575
342,0.555
343,0.573
344,0.5655
345,0.558
346,0.565
347,0.561
348,0.553
349,0.5715
350,0.562
351,0.5605
352,0.552
353,0.563
354,0.5665
355,0.5545
356,0.568
357,0.595
358,0.5595
359,0.566
360,0.569
361,0.559
362,0.591
363,0.585
364,0.5895
365,0.592
366,0.577
367,0.582
368,0.5995
369,0.577
370,0.587
371,0.586
372,0.588
373,0.6005
374,0.608
375,0.5685
376,0.5855
377,0.5795
378,0.574
379,0.5745
380,0.5495
381,0.5575
382,0.546
383,0.5715
384,0.541
385,0.562
386,0.58
387,0.551
388,0.562
389,0.5545
390,0.5585
391,0.578
392,0.5675
393,0.568
394,0.5865
395,0.556
396,0.574
397,0.558
398,0.565
399,0.5855
400,0.5675
401,0.555
402,0.5485
403,0.5765
404,0.57
405,0.5585
406,0.5685
407,0.561
408,0.568
409,0.5635
410,0.544
411,0.568
412,0.568
413,0.551
414,0.572
415,0.571
416,0.5745
417,0.5715
418,0.5535
419,0.5805
420,0.564
421,0.5505
422,0.5575
423,0.5765
424,0.5545
425,0.559
426,0.5665
427,0.58
428,0.5705
429,0.5695
430,0.578
431,0.5745
432,0.564
433,0.584
434,0.58
435,0.5515
436,0.5615
437,0.5705
438,0.5795
439,0.586
440,0.563
441,0.5685
442,0.5655
443,0.563
444,0.5635
445,0.5555
446,0.5755
447,0.5665
448,0.586
449,0.5675
450,0.567
451,0.5625
452,0.566
453,0.56
454,0.5745
455,0.5585
456,0.563
457,0.5565
458,0.557
459,0.565
460,0.588
461,0.5735
462,0.579
463,0.596
464,0.588
465,0.576
466,0.5795
467,0.574
468,0.5685
469,0.585
470,0.583
471,0.5745
472,0.5935
473,0.585
474,0.591
475,0.5805
476,0.592
477,0.5785
478,0.592
479,0.584
480,0.5915
481,0.6105
482,0.5885
483,0.5755
484,0.572
485,0.5945
486,0.5835
487,0.6025
488,0.597
489,0.5855
490,0.5875
491,0.579
492,0.5915
493,0.588
494,0.575
495,0.586
496,0.582
497,0.5625
498,0.5755
499,0.581
500,0.585
501,0.5725
502,0.5965
503,0.572
504,0.5665
505,0.57
506,0.5735
507,0.564
508,0.554
509,0.5735
510,0.566
511,0.5545
512,0.5785
513,0.575
514,0.5705
515,0.5635
516,0.5795
517,0.588
518,0.589
519,0.582
520,0.563
521,0.569
522,0.5555
523,0.559
524,0.571
525,0.5985
526,0.58
527,0.5945
528,0.5775
529,0.585
530,0.583
531,0.576
532,0.578
533,0.5735
534,0.578
535,0.5715
536,0.5715
537,0.584
538,0.577
539,0.574
540,0.5805
541,0.565
542,0.5565
543,0.561
544,0.569
545,0.553
546,0.547
547,0.57
548,0.561
549,0.5575
550,0.5785
551,0.5835
552,0.5785
553,0.566
554,0.563
555,0.5875
556,0.588
557,0.5795
558,0.584
559,0.5905
560,0.5645
561,0.558
562,0.5765
563,0.5675
564,0.5705
565,0.5765
566,0.567
567,0.587
568,0.5755
569,0.5795
570,0.5935
571,0.5545
572,0.572
573,0.569
574,0.573
575,0.575
576,0.5615
577,0.5795
578,0.569
579,0.591
580,0.5815
581,0.5685
582,0.5795
583,0.5585
584,0.582
585,0.5585
586,0.5745
587,0.563
588,0.5745
589,0.5625
590,0.57
591,0.5815
592,0.5695
593,0.577
594,0.587
595,0.5705
596,0.5685
597,0.5745
598,0.579
599,0.5645
600,0.572
601,0.562
602,0.566
603,0.583
604,0.5795
605,0.583
606,0.5895
607,0.592
608,0.5715
609,0.589
610,0.5625
611,0.566
612,0.5845
613,0.5605
614,0.563
615,0.5715
616,0.5885
617,0.5945
618,0.5685
619,0.5905
620,0.5835
621,0.5725
622,0.586
623,0.588
624,0.576
625,0.5835
626,0.586
627,0.571
628,0.585
629,0.5955
630,0.5515
631,0.591
632,0.563
633,0.586
634,0.5845
635,0.558
636,0.5805
637,0.5775
638,0.5725
639,0.565
640,0.5595
641,0.556
642,0.5575
643,0.5645
644,0.5595
645,0.579
646,0.5655
647,0.58
648,0.5805
649,0.575
650,0.5665
651,0.573
652,0.5715
653,0.5695
654,0.5785
655,0.5755
656,0.5875
657,0.581
658,0.574
659,0.5625
660,0.5705
661,0.58
662,0.562
663,0.5705
664,0.567
665,0.581
666,0.593
667,0.5835
668,0.581
669,0.5775
670,0.5575
671,0.565
672,0.5595
673,0.582
674,0.5695
675,0.562
676,0.578
677,0.551
678,0.565
679,0.563
680,0.5645
681,0.547
682,0.5625
683,0.5585
684,0.549
685,0.558
686,0.5615
687,0.569
688,0.5715
689,0.5555
690,0.57
691,0.566
692,0.582
693,0.5665
694,0.5805
695,0.5505
696,0.571
697,0.5405
698,0.5755
699,0.556
700,0.584
701,0.5725
702,0.5995
703,0.585
704,0.57
705,0.5625
706,0.5755
707,0.5585
708,0.5665
709,0.5705
710,0.572
711,0.575
712,0.571
713,0.5755
714,0.5805
715,0.56
716,0.5695
717,0.5765
718,0.5675
719,0.5795
720,0.581
721,0.58
722,0.586
723,0.575
724,0.5945
725,0.576
726,0.5835
727,0.5605
728,0.571
729,0.56
730,0.5535
731,0.5825
732,0.574
733,0.576
734,0.5625
735,0.5595
736,0.5685
737,0.558
738,0.5635
739,0.567
740,0.579
741,0.577
742,0.5855
743,0.5745
744,0.562
745,0.5695
746,0.56
747,0.5775
748,0.567
749,0.5485
750,0.577
751,0.582
752,0.581
753,0.575
754,0.591
755,0.5715
756,0.5715
757,0.5695
758,0.573
759,0.57
760,0.567
761,0.5765
762,0.5775
763,0.586
764,0.5645
765,0.578
766,0.581
767,0.579
768,0.574
769,0.5745
770,0.5815
771,0.5915
772,0.575
773,0.5815
774,0.5915
775,0.578
776,0.5835
777,0.5845
778,0.581
779,0.578
780,0.5665
781,0.5735
782,0.5765
783,0.5555
784,0.551
785,0.5765
786,0.5735
787,0.5915
788,0.5925
789,0.5855
790,0.5705
791,0.578
792,0.5655
793,0.5895
794,0.604
795,0.575
796,0.596
797,0.5915
798,0.5785
799,0.581
800,0.584
801,0.5695
802,0.5695
803,0.586
804,0.591
805,0.5685
806,0.574
807,0.593
808,0.5645
809,0.588
810,0.5605
811,0.5805
812,0.557
813,0.579
814,0.574
815,0.577
816,0.5755
817,0.577
818,0.5695
819,0.571
820,0.5775
821,0.5605
822,0.5745
823,0.5775
824,0.5805
825,0.563
826,0.5695
827,0.5705
828,0.561
829,0.584
830,0.5655
831,0.577
832,0.5665
833,0.5825
834,0.5675
835,0.5685
836,0.5675
837,0.575
838,0.576
839,0.5735
840,0.5915
841,0.571
842,0.575
843,0.576
844,0.5825
845,0.5855
846,0.578
847,0.582
848,0.585
849,0.585
850,0.555
851,0.5735
852,0.565
853,0.565
854,0.577
855,0.596
856,0.5655
857,0.582
858,0.5835
859,0.592
860,0.5525
861,0.5805
862,0.5775
863,0.573
864,0.5845
865,0.583
866,0.5935
867,0.58
868,0.585
869,0.568
870,0.573
871,0.5615
872,0.5855
873,0.5855
874,0.5855
875,0.568
876,0.5785
877,0.574
878,0.563
879,0.58
880,0.5855
881,0.58
882,0.593
883,0.599
884,0.582
885,0.5775
886,0.5865
887,0.5815
888,0.577
889,0.581
890,0.585
891,0.5785
892,0.582
893,0.5905
894,0.5585
895,0.58
896,0.5785
897,0.588
898,0.5825
899,0.5765
900,0.5925
901,0.594
902,0.583
903,0.5915
904,0.5835
905,0.5805
906,0.577
907,0.5725
908,0.5715
909,0.583
910,0.565
911,0.5685
912,0.5675
913,0.5885
914,0.5645
915,0.5495
916,0.5695
917,0.5665
918,0.57
919,0.583
920,0.596
921,0.57
922,0.5725
923,0.576
924,0.5785
925,0.5675
926,0.593
927,0.575
928,0.576
929,0.5935
930,0.585
931,0.597
932,0.587
933,0.574
934,0.6065
935,0.5925
936,0.5835
937,0.5855
938,0.6025
939,0.583
940,0.5875
941,0.581
942,0.61
943,0.575
944,0.602
945,0.6045
946,0.5835
947,0.5935
948,0.6075
949,0.5885
950,0.591
951,0.57
952,0.5755
953,0.592
954,0.5815
955,0.579
956,0.575
957,0.5715
958,0.576
959,0.5895
960,0.5755
961,0.568
962,0.58
963,0.5785
964,0.577
965,0.554
966,0.5575
967,0.5665
968,0.581
969,0.5785
970,0.592
971,0.579
972,0.5915
973,0.5915
974,0.5895
975,0.589
976,0.573
977,0.5855
978,0.5785
979,0.589
980,0.59
981,0.594
982,0.58
983,0.583
984,0.5825
985,0.5685
986,0.583
987,0.5995
988,0.599
989,0.591
990,0.576
991,0.5695
992,0.566
993,0.5885
994,0.592
995,0.589
996,0.5915
997,0.5855
998,0.5845
999,0.585
1000,0.568
1001,0.575
1002,0.591
1003,0.567
1004,0.5815
1005,0.5805
1006,0.5805
1007,0.583
1008,0.586
1009,0.568
1010,0.584
1011,0.5615
1012,0.5765
1013,0.587
1014,0.56
1015,0.5735
1016,0.5625
1017,0.573
1018,0.5785
1019,0.576
1020,0.592
1021,0.594
1022,0.5835
1023,0.6055
1024,0.577
1025,0.5795
1026,0.578
1027,0.574
1028,0.5835
1029,0.5975
1030,0.582
1031,0.5745
1032,0.584
1033,0.581
1034,0.5735
1035,0.622
1036,0.5975
1037,0.581
1038,0.604
1039,0.608
1040,0.587
1041,0.5715
1042,0.5875
1043,0.588
1044,0.5865
1045,0.6025
1046,0.5805
1047,0.585
1048,0.605
1049,0.588
1050,0.597
1051,0.6035
1052,0.589
1053,0.584
1054,0.603
1055,0.5785
1056,0.5885
1057,0.5955
1058,0.603
1059,0.587
1060,0.591
1061,0.583
1062,0.581
1063,0.5845
1064,0.5905
1065,0.5665
1066,0.5685
1067,0.563
1068,0.572
1069,0.582
1070,0.581
1071,0.5895
1072,0.5755
1073,0.579
1074,0.594
1075,0.5745
1076,0.573
1077,0.563
1078,0.5605
1079,0.575
1080,0.58
1081,0.558
1082,0.5715
1083,0.5495
1084,0.58
1085,0.567
1086,0.568
1087,0.581
1088,0.5845
1089,0.577
1090,0.567
1091,0.5645
1092,0.571
1093,0.566
1094,0.5845
1095,0.5815
1096,0.5975
1097,0.577
1098,0.58
1099,0.577
1100,0.557
1101,0.5935
1102,0.582
1103,0.579
1104,0.5845
1105,0.5785
1106,0.575
1107,0.5855
1108,0.5805
1109,0.579
1110,0.5525
1111,0.5595
1112,0.571
1113,0.5595
1114,0.565
1115,0.59
1116,0.5775
1117,0.586
1118,0.5795
1119,0.5635
1120,0.5845
1121,0.598
1122,0.5945
1123,0.575
1124,0.6
1125,0.5785
1126,0.557
1127,0.5955
1128,0.5815
1129,0.586
1130,0.576
1131,0.587
1132,0.59
1133,0.591
1134,0.594
1135,0.5985
1136,0.606
1137,0.5925
1138,0.5975
1139,0.599
1140,0.581
1141,0.5915
1142,0.5955
1143,0.5835
1144,0.586
1145,0.5815
1146,0.5835
1147,0.569
1148,0.5785
1149,0.5875
1150,0.582
1151,0.5855
1152,0.5835
1153,0.581
1154,0.5925
1155,0.5705
1156,0.589
1157,0.5895
1158,0.5935
1159,0.5875
1160,0.576
1161,0.567
1162,0.5585
1163,0.5735
1164,0.573
1165,0.573
1166,0.5755
1167,0.5895
1168,0.596
1169,0.591
1170,0.5745
1171,0.5725
1172,0.596
1173,0.5845
1174,0.585
1175,0.5685
1176,0.562
1177,0.5855
1178,0.576
1179,0.577
1180,0.583
1181,0.58
1182,0.5805
1183,0.577
1184,0.582
1185,0.592
1186,0.5975
1187,0.5915
1188,0.5885
1189,0.6135
1190,0.5735
1191,0.569
1192,0.581
1193,0.5685
1194,0.5745
1195,0.58
1196,0.5785
1197,0.558
1198,0.58
1199,0.5755
1200,0.562
1201,0.5515
1202,0.56
1203,0.557
1204,0.5545
1205,0.5675
1206,0.558
1207,0.5565
1208,0.5695
1209,0.5615
1210,0.579
1211,0.589
1212,0.571
1213,0.581
1214,0.5865
1215,0.5615
1216,0.576
1217,0.578
1218,0.58
1219,0.5775
1220,0.6085
1221,0.5905
1222,0.5805
1223,0.586
1224,0.579
1225,0.5885
1226,0.59
1227,0.586
1228,0.5765
1229,0.5845
1230,0.59
1231,0.575
1232,0.5865
1233,0.5815
1234,0.576
1235,0.5825
1236,0.5865
1237,0.597
1238,0.5885
1239,0.583
1240,0.581
1241,0.5685
1242,0.5885
1243,0.5855
1244,0.5815
1245,0.5645
1246,0.584
1247,0.594
1248,0.587
1249,0.591
1250,0.594
1251,0.5825
1252,0.584
1253,0.588
1254,0.575
1255,0.577
1256,0.5835
1257,0.5865
1258,0.59
1259,0.579
1260,0.585
1261,0.5955
1262,0.5905
1263,0.5785
1264,0.577
1265,0.5875
1266,0.5865
1267,0.5875
1268,0.595
1269,0.58
1270,0.576
1271,0.5815
1272,0.566
1273,0.581
1274,0.583
1275,0.5895
1276,0.576
1277,0.583
1278,0.573
1279,0.581
1280,0.569
1281,0.587
1282,0.5825
1283,0.5925
1284,0.584
1285,0.563
1286,0.5725
1287,0.594
1288,0.59
1289,0.5865
1290,0.5845
1291,0.5905
1292,0.5815
1293,0.5945
1294,0.5915
1295,0.573
1296,0.5945
1297,0.586
1298,0.586
1299,0.577
1300,0.5945
1301,0.5975
1302,0.6015
1303,0.592
1304,0.584
1305,0.5915
1306,0.592
1307,0.597
1308,0.5815
1309,0.5915
1310,0.602
1311,0.592
1312,0.5915
1313,0.605
1314,0.5945
1315,0.5875
1316,0.6025
1317,0.597
1318,0.6025
1319,0.604
1320,0.588
1321,0.5855
1322,0.574
1323,0.5895
1324,0.6025
1325,0.592
1326,0.5835
1327,0.6005
1328,0.597
1329,0.595
1330,0.5905
1331,0.5915
1332,0.58
1333,0.5885
1334,0.5955
1335,0.5905
1336,0.5845
1337,0.5825
1338,0.603
1339,0.5945
1340,0.6025
1341,0.586
1342,0.598
1343,0.5735
1344,0.5935
1345,0.574
1346,0.587
1347,0.586
1348,0.5955
1349,0.6065
1350,0.5845
1351,0.585
1352,0.5825
1353,0.589
1354,0.5895
1355,0.5755
1356,0.588
1357,0.578
1358,0.5845
1359,0.598
1360,0.571
1361,0.5675
1362,0.571
1363,0.569
1364,0.584
1365,0.566
1366,0.582
1367,0.56
1368,0.5665
1369,0.5935
1370,0.5695
1371,0.5635
1372,0.571
1373,0.5755
1374,0.5795
1375,0.5785
1376,0.5805
1377,0.585
1378,0.5875
1379,0.589
1380,0.5775
1381,0.5635
1382,0.5835
1383,0.579
1384,0.5785
1385,0.5895
1386,0.5765
1387,0.5735
1388,0.58
1389,0.5835
1390,0.564
1391,0.564
1392,0.583
1393,0.5955
1394,0.5765
1395,0.5785
1396,0.6
1397,0.5775
1398,0.5845
1399,0.5905
1400,0.5905
1401,0.591
1402,0.596
1403,0.592
1404,0.5795
1405,0.596
1406,0.5935
1407,0.6075
1408,0.601
1409,0.6105
1410,0.6035
1411,0.5935
1412,0.6155
1413,0.614
1414,0.6
1415,0.594
1416,0.5795
1417,0.591
1418,0.59
1419,0.5885
1420,0.578
1421,0.5715
1422,0.5805
1423,0.567
1424,0.5885
1425,0.587
1426,0.585
1427,0.5895
1428,0.5955
1429,0.594
1430,0.5915
1431,0.611
1432,0.59
1433,0.583
1434,0.5865
1435,0.5785
1436,0.6035
1437,0.596
1438,0.5845
1439,0.5825
1440,0.5945
1441,0.5885
1442,0.5985
1443,0.589
1444,0.6035
1445,0.5895
1446,0.609
1447,0.6
1448,0.6205
1449,0.6075
1450,0.6
1451,0.6
1452,0.6005
1453,0.5975
1454,0.609
1455,0.592
1456,0.5995
1457,0.5785
1458,0.58
1459,0.5995
1460,0.5965
1461,0.5835
1462,0.5975
1463,0.599
1464,0.6015
1465,0.583
1466,0.5945
1467,0.5875
1468,0.5875
1469,0.6025
1470,0.5705
1471,0.581
1472,0.6025
1473,0.5835
1474,0.585
1475,0.5895
1476,0.591
1477,0.6045
1478,0.606
1479,0.614
1480,0.5855
1481,0.5825
1482,0.588
1483,0.5955
1484,0.585
1485,0.5815
1486,0.577
1487,0.5855
1488,0.5825
1489,0.6075
1490,0.564
1491,0.589
1492,0.5925
1493,0.598
1494,0.592
1495,0.5715
1496,0.5825
1497,0.578
1498,0.586
1499,0.602
1500,0.5885
1501,0.591
1502,0.59
1503,0.586
1504,0.597
1505,0.592
1506,0.579
1507,0.581
1508,0.571
1509,0.5985
1510,0.587
1511,0.5945
1512,0.5965
1513,0.605
1514,0.591
1515,0.6035
1516,0.605
1517,0.581
1518,0.6015
1519,0.59
1520,0.597
1521,0.5975
1522,0.595
1523,0.596
1524,0.576
1525,0.5735
1526,0.5785
1527,0.5915
1528,0.582
1529,0.598
1530,0.593
1531,0.588
1532,0.578
1533,0.601
1534,0.597
1535,0.5945
1536,0.5975
1537,0.591
1538,0.587
1539,0.6085
1540,0.574
1541,0.575
1542,0.5955
1543,0.594
1544,0.6005
1545,0.6015
1546,0.6005
1547,0.597
1548,0.604
1549,0.612
1550,0.5875
1551,0.5795
1552,0.6005
1553,0.6005
1554,0.6005
1555,0.5975
1556,0.5865
1557,0.5845
1558,0.6035
1559,0.6035
1560,0.592
1561,0.5735
1562,0.5995
1563,0.5785
1564,0.5905
1565,0.595
1566,0.608
1567,0.595
1568,0.6105
1569,0.609
1570,0.586
1571,0.6035
1572,0.598
1573,0.6005
1574,0.596
1575,0.6005
1576,0.597
1577,0.594
1578,0.596
1579,0.598
1580,0.607
1581,0.6
1582,0.6005
1583,0.6165
1584,0.611
1585,0.608
1586,0.5865
1587,0.6055
1588,0.596
1589,0.6095
1590,0.597
1591,0.596
1592,0.6015
1593,0.585
1594,0.6
1595,0.5795
1596,0.5765
1597,0.5965
1598,0.5815
1599,0.584
1600,0.6
1601,0.5985
1602,0.6125
1603,0.609
1604,0.602
1605,0.602
1606,0.607
1607,0.6
1608,0.6025
1609,0.599
1610,0.61
1611,0.5915
1612,0.5995
1613,0.5975
1614,0.601
1615,0.573
1616,0.587
1617,0.585
1618,0.6085
1619,0.589
1620,0.5815
1621,0.584
1622,0.5785
1623,0.592
1624,0.579
1625,0.5965
1626,0.5865
1627,0.59
1628,0.6015
1629,0.594
1630,0.5935
1631,0.598
1632,0.612
1633,0.603
1634,0.6
1635,0.578
1636,0.5875
1637,0.588
1638,0.581
1639,0.5845
1640,0.5765
1641,0.5845
1642,0.591
1643,0.5975
1644,0.5935
1645,0.591
1646,0.5915
1647,0.584
1648,0.572
1649,0.5935
1650,0.5805
1651,0.579
1652,0.594
1653,0.5765
1654,0.6005
1655,0.609
1656,0.587
1657,0.605
1658,0.599
1659,0.601
1660,0.5885
1661,0.6055
1662,0.586
1663,0.613
1664,0.6105
1665,0.573
1666,0.579
1667,0.582
1668,0.6065
1669,0.5875
1670,0.582
1671,0.5895
1672,0.5945
1673,0.5985
1674,0.593
1675,0.587
1676,0.5955
1677,0.6015
1678,0.588
1679,0.6025
1680,0.5865
1681,0.592
1682,0.5915
1683,0.602
1684,0.5865
1685,0.588
1686,0.577
1687,0.581
1688,0.5975
1689,0.59
1690,0.5945
1691,0.5935
1692,0.6135
1693,0.5875
1694,0.612
1695,0.586
1696,0.581
1697,0.609
1698,0.5965
1699,0.5915
1700,0.563
1701,0.577
1702,0.5935
1703,0.5715
1704,0.5865
1705,0.5795
1706,0.5985
1707,0.61
1708,0.603
1709,0.6
1710,0.5805
1711,0.5955
1712,0.605
1713,0.6135
1714,0.587
1715,0.5935
1716,0.589
1717,0.6045
1718,0.595
1719,0.6075
1720,0.587
1721,0.604
1722,0.5935
1723,0.63
1724,0.601
1725,0.5885
1726,0.592
1727,0.5825
1728,0.603
1729,0.595
1730,0.562
1731,0.5845
1732,0.5765
1733,0.5875
1734,0.589
1735,0.584
1736,0.5765
1737,0.5785
1738,0.5835
1739,0.5885
1740,0.5805
1741,0.586
1742,0.5855
1743,0.599
1744,0.595
1745,0.5955
1746,0.577
1747,0.5885
1748,0.589
1749,0.592
1750,0.572
1751,0.5875
1752,0.5985
1753,0.6035
1754,0.59
1755,0.5805
1756,0.579
1757,0.5825
1758,0.5915
1759,0.595
1760,0.574
1761,0.5715
1762,0.5905
1763,0.5975
1764,0.61
1765,0.5755
1766,0.582
1767,0.5885
1768,0.58
1769,0.5995
1770,0.584
1771,0.584
1772,0.5975
1773,0.616
1774,0.602
1775,0.585
1776,0.589
1777,0.5955
1778,0.5985
1779,0.602
1780,0.6005
1781,0.5995
1782,0.613
1783,0.606
1784,0.6115
1785,0.608
1786,0.583
1787,0.5955
1788,0.609
1789,0.614
1790,0.596
1791,0.5905
1792,0.597
1793,0.591
1794,0.591
1795,0.5885
1796,0.5925
1797,0.5875
1798,0.598
1799,0.597
1800,0.5955
1801,0.589
1802,0.592
1803,0.598
1804,0.598
1805,0.594
1806,0.5915
1807,0.597
1808,0.578
1809,0.615
1810,0.5925
1811,0.6
1812,0.5965
1813,0.6175
1814,0.613
1815,0.593
1816,0.61
1817,0.5975
1818,0.5935
1819,0.615
1820,0.576
1821,0.5965
1822,0.5855
1823,0.6
1824,0.5855
1825,0.576
1826,0.6
1827,0.5965
1828,0.6015
1829,0.5925
1830,0.578
1831,0.5855
1832,0.591
1833,0.602
1834,0.5975
1835,0.5765
1836,0.5875
1837,0.5875
1838,0.6075
1839,0.6035
1840,0.5845
1841,0.5995
1842,0.597
1843,0.5955
1844,0.605
1845,0.5935
1846,0.602
1847,0.586
1848,0.5855
1849,0.599
1850,0.595
1851,0.589
1852,0.603
1853,0.598
1854,0.625
1855,0.578
1856,0.584
1857,0.587
1858,0.6005
1859,0.5685
1860,0.579
1861,0.574
1862,0.5795
1863,0.5885
1864,0.595
1865,0.583
1866,0.593
1867,0.5985
1868,0.595
1869,0.597
1870,0.594
1871,0.575
1872,0.5975
1873,0.59
1874,0.5885
1875,0.571
1876,0.581
1877,0.5785
1878,0.5945
1879,0.5995
1880,0.574
1881,0.576
1882,0.577
1883,0.5785
1884,0.5705
1885,0.577
1886,0.603
1887,0.5935
1888,0.5945
1889,0.598
1890,0.574
1891,0.5855
1892,0.5735
1893,0.593
1894,0.604
1895,0.6075
1896,0.588
1897,0.5875
1898,0.59
1899,0.5855
1900,0.5965
1901,0.577
1902,0.595
1903,0.599
1904,0.606
1905,0.5805
1906,0.5915
1907,0.593
1908,0.5925
1909,0.5895
1910,0.595
1911,0.6165
1912,0.6
1913,0.613
1914,0.6025
1915,0.601
1916,0.602
1917,0.599
1918,0.586
1919,0.6055
1920,0.5895
1921,0.5895
1922,0.5955
1923,0.597
1924,0.6065
1925,0.5815
1926,0.6015
1927,0.601
1928,0.573
1929,0.5975
1930,0.612
1931,0.6065
1932,0.593
1933,0.6125
1934,0.608
1935,0.593
1936,0.583
1937,0.594
1938,0.6165
1939,0.6035
1940,0.5815
1941,0.5965
1942,0.5825
1943,0.6155
1944,0.608
1945,0.6
1946,0.604
1947,0.597
1948,0.599
1949,0.592
1950,0.6055
1951,0.603
1952,0.6085
1953,0.6185
1954,0.6065
1955,0.578
1956,0.582
1957,0.5945
1958,0.5855
1959,0.5785
1960,0.5905
1961,0.6005
1962,0.5965
1963,0.6015
1964,0.6065
1965,0.5965
1966,0.6095
1967,0.5835
1968,0.5935
1969,0.5965
1970,0.6185
1971,0.6055
1972,0.5945
1973,0.596
1974,0.603
1975,0.6195
1976,0.598
1977,0.606
1978,0.6005
1979,0.6155
1980,0.5955
1981,0.5895
1982,0.6005
1983,0.612
1984,0.607
1985,0.6
1986,0.585
1987,0.605
1988,0.61
1989,0.6045
1990,0.5815
1991,0.583
1992,0.599
1993,0.5955
1994,0.6005
1995,0.591
1996,0.608
1997,0.6025
1998,0.6125
1999,0.602
2000,0.61
2001,0.6045
2002,0.636
2003,0.6115
2004,0.6285
2005,0.6215
2006,0.6055
2007,0.6075
2008,0.616
2009,0.6055
2010,0.6075
2011,0.5965
2012,0.606
2013,0.6105
2014,0.6095
2015,0.59
2016,0.588
2017,0.601
2018,0.5905
2019,0.601
2020,0.5795
2021,0.5935
2022,0.579
2023,0.5935
2024,0.6005
2025,0.603
2026,0.5925
2027,0.6065
2028,0.599
2029,0.603
2030,0.563
2031,0.5815
2032,0.577
2033,0.574
2034,0.5865
2035,0.604
2036,0.5775
2037,0.583
2038,0.601
2039,0.5915
2040,0.5805
2041,0.572
2042,0.5785
2043,0.5955
2044,0.568
2045,0.573
2046,0.5705
2047,0.581
2048,0.595
2049,0.607
2050,0.598
2051,0.6005
2052,0.5995
2053,0.617
2054,0.6145
2055,0.5695
2056,0.5875
2057,0.5785
2058,0.596
2059,0.599
2060,0.5905
2061,0.589
2062,0.6005
2063,0.609
2064,0.5965
2065,0.5785
2066,0.5775
2067,0.6035
2068,0.5875
2069,0.6035
2070,0.607
2071,0.5965
2072,0.5915
2073,0.62
2074,0.612
2075,0.581
2076,0.5945
2077,0.588
2078,0.5885
2079,0.606
2080,0.5895
2081,0.582
2082,0.597
2083,0.5915
2084,0.611
2085,0.585
2086,0.594
2087,0.588
2088,0.598
2089,0.6095
2090,0.613
2091,0.607
2092,0.6135
2093,0.5965
2094,0.5895
2095,0.5845
2096,0.5765
2097,0.584
2098,0.588
2099,0.614
2100,0.594
2101,0.6055
2102,0.5915
2103,0.6
2104,0.601
2105,0.6165
2106,0.603
2107,0.6065
2108,0.607
2109,0.597
2110,0.588
2111,0.5925
2112,0.593
2113,0.604
2114,0.585
2115,0.5855
2116,0.591
2117,0.6015
2118,0.597
2119,0.6045
2120,0.593
2121,0.5985
2122,0.6095
2123,0.5915
2124,0.62
2125,0.6
2126,0.6085
2127,0.598
2128,0.621
2129,0.611
2130,0.591
2131,0.5905
2132,0.594
2133,0.5905
2134,0.5995
2135,0.5885
2136,0.586
2137,0.591
2138,0.597
2139,0.6035
2140,0.579
2141,0.5855
2142,0.577
2143,0.58
2144,0.6
2145,0.5975
2146,0.5885
2147,0.593
2148,0.6045
2149,0.6085
2150,0.5925
2151,0.594
2152,0.6035
2153,0.5925
2154,0.602
2155,0.5885
2156,0.589
2157,0.5975
2158,0.5945
2159,0.603
2160,0.5955
2161,0.5845
2162,0.6095
2163,0.5985
2164,0.619
2165,0.604
2166,0.606
2167,0.6195
2168,0.6195
2169,0.6275
2170,0.5895
2171,0.6015
2172,0.604
2173,0.6105
2174,0.591
2175,0.63
2176,0.6105
2177,0.623
2178,0.606
2179,0.614
2180,0.5825
2181,0.589
2182,0.5835
2183,0.5875
2184,0.5895
2185,0.568
2186,0.569
2187,0.5815
2188,0.5935
2189,0.5845
2190,0.5585
2191,0.579
2192,0.559
2193,0.567
2194,0.5745
2195,0.579
2196,0.5715
2197,0.5815
2198,0.5915
2199,0.587
2200,0.5915
2201,0.591
2202,0.611
2203,0.6035
2204,0.601
2205,0.599
2206,0.611
2207,0.5905
2208,0.5985
2209,0.5945
2210,0.6125
2211,0.6245
2212,0.604
2213,0.6065
2214,0.617
2215,0.5975
2216,0.598
2217,0.6055
2218,0.602
2219,0.6175
2220,0.587
2221,0.5835
2222,0.6105
2223,0.596
2224,0.598
2225,0.595
2226,0.596
2227,0.5895
2228,0.589
2229,0.5915
2230,0.582
2231,0.58
2232,0.58
2233,0.581
2234,0.582
2235,0.5795
2236,0.5915
2237,0.5845
2238,0.581
2239,0.5925
2240,0.5915
2241,0.577
2242,0.5755
2243,0.5845
2244,0.5995
2245,0.588
2246,0.5915
2247,0.5955
2248,0.614
2249,0.612
2250,0.5955
2251,0.5855
2252,0.586
2253,0.585
2254,0.59
2255,0.597
2256,0.582
2257,0.604
2258,0.609
2259,0.6065
2260,0.5755
2261,0.5625
2262,0.5765
2263,0.594
2264,0.577
2265,0.588
2266,0.5795
2267,0.612
2268,0.601
2269,0.577
2270,0.5915
2271,0.5925
2272,0.5985
2273,0.61
2274,0.6085
2275,0.584
2276,0.6055
2277,0.5995
2278,0.6125
2279,0.598
2280,0.5985
2281,0.6
2282,0.598
2283,0.5975
2284,0.615
2285,0.583
2286,0.5915
2287,0.5815
2288,0.606
2289,0.597
2290,0.57
2291,0.578
2292,0.6045
2293,0.6055
2294,0.607
2295,0.587
2296,0.5765
2297,0.595
2298,0.58
2299,0.5965
2300,0.5775
2301,0.585
2302,0.5945
2303,0.5925
2304,0.593
2305,0.5905
2306,0.575
2307,0.5885
2308,0.601
2309,0.5905
2310,0.586
2311,0.6045
2312,0.596
2313,0.6055
2314,0.604
2315,0.593
2316,0.5855
2317,0.585
2318,0.595
2319,0.5965
2320,0.595
2321,0.5905
2322,0.6145
2323,0.6035
2324,0.602
2325,0.5985
2326,0.5945
2327,0.61
2328,0.597
2329,0.596
2330,0.5985
2331,0.591
2332,0.593
2333,0.6025
2334,0.603
2335,0.588
2336,0.589
2337,0.588
2338,0.5965
2339,0.5905
2340,0.5805
2341,0.5815
2342,0.599
2343,0.6045
2344,0.5875
2345,0.5845
2346,0.573
2347,0.582
2348,0.605
2349,0.6075
2350,0.589
2351,0.597
2352,0.591
2353,0.5995
2354,0.598
2355,0.5845
2356,0.598
2357,0.5835
2358,0.596
2359,0.6045
2360,0.5925
2361,0.583
2362,0.586
2363,0.6015
2364,0.6045
2365,0.6125
2366,0.5955
2367,0.5915
2368,0.612
2369,0.607
2370,0.5875
2371,0.581
2372,0.584
2373,0.5955
2374,0.608
2375,0.6
2376,0.5895
2377,0.603
2378,0.5995
2379,0.6145
2380,0.589
2381,0.5865
2382,0.595
2383,0.595
2384,0.5935
2385,0.5975
2386,0.5965
2387,0.5995
2388,0.5975
2389,0.6015
2390,0.6105
2391,0.603
2392,0.601
2393,0.611
2394,0.606
2395,0.576
2396,0.5975
2397,0.5875
2398,0.574
2399,0.6155
2400,0.5995
2401,0.607
2402,0.6165
2403,0.6025
2404,0.609
2405,0.5955
2406,0.6075
2407,0.6005
2408,0.6095
2409,0.615
2410,0.593
2411,0.6
2412,0.5895
2413,0.6035
2414,0.6045
2415,0.5955
2416,0.61
2417,0.625
2418,0.5965
2419,0.6025
2420,0.592
2421,0.5865
2422,0.589
2423,0.5945
2424,0.6065
2425,0.586
2426,0.5835
2427,0.605
2428,0.587
2429,0.6045
2430,0.5975
2431,0.571
2432,0.5885
2433,0.5945
2434,0.5945
2435,0.5805
2436,0.5865
2437,0.6075
2438,0.5875
2439,0.5995
2440,0.5745
2441,0.575
2442,0.5955
2443,0.601
2444,0.5995
2445,0.6005
2446,0.6045
2447,0.5985
2448,0.6165
2449,0.6155
2450,0.5955
2451,0.585
2452,0.599
2453,0.5815
2454,0.606
2455,0.593
2456,0.606
2457,0.609
2458,0.602
2459,0.6025
2460,0.594
2461,0.591
2462,0.6165
2463,0.6015
2464,0.6055
2465,0.6025
2466,0.591
2467,0.5995
2468,0.59
2469,0.595
2470,0.602
2471,0.6
2472,0.6005
2473,0.606
2474,0.621
2475,0.605
2476,0.5915
2477,0.6165
2478,0.6195
2479,0.6105
2480,0.5975
2481,0.5955
2482,0.6035
2483,0.591
2484,0.6015
2485,0.605
2486,0.6055
2487,0.6105
2488,0.617
2489,0.605
2490,0.5965
2491,0.585
2492,0.5915
2493,0.5985
2494,0.6075
2495,0.5865
2496,0.599
2497,0.596
2498,0.5725
2499,0.606
2500,0.5745
2501,0.5875
2502,0.5965
2503,0.598
2504,0.607
2505,0.5765
2506,0.58
2507,0.588
2508,0.5995
2509,0.594
2510,0.5785
2511,0.5845
2512,0.6115
2513,0.588
2514,0.5925
2515,0.59
2516,0.595
2517,0.5855
2518,0.609
2519,0.594
2520,0.5785
2521,0.5675
2522,0.6015
2523,0.595
2524,0.5825
2525,0.5695
2526,0.563
2527,0.5925
2528,0.5815
2529,0.586
2530,0.5855
2531,0.576
2532,0.5905
2533,0.597
2534,0.593
2535,0.5815
2536,0.5805
2537,0.583
2538,0.5835
2539,0.6005
2540,0.5805
2541,0.5835
2542,0.5915
2543,0.596
2544,0.6095
2545,0.5975
2546,0.613
2547,0.592
2548,0.6085
2549,0.6065
2550,0.5925
2551,0.5885
2552,0.589
2553,0.597
2554,0.6015
2555,0.582
2556,0.5905
2557,0.586
2558,0.593
2559,0.588
2560,0.597
2561,0.598
2562,0.594
2563,0.6035
2564,0.603
2565,0.589
2566,0.583
2567,0.5855
2568,0.6105
2569,0.608
2570,0.591
2571,0.5835
2572,0.5995
2573,0.5975
2574,0.5985
2575,0.5915
2576,0.5895
2577,0.5935
2578,0.6035
2579,0.6055
2580,0.588
2581,0.599
2582,0.5905
2583,0.5965
2584,0.6075
2585,0.5745
2586,0.593
2587,0.605
2588,0.5975
2589,0.6315
2590,0.5755
2591,0.5965
2592,0.5905
2593,0.6015
2594,0.602
2595,0.5805
2596,0.5865
2597,0.595
2598,0.601
2599,0.6
2600,0.5985
2601,0.5995
2602,0.604
2603,0.5955
2604,0.6125
2605,0.589
2606,0.594
2607,0.5985
2608,0.606
2609,0.603
2610,0.586
2611,0.594
2612,0.6195
2613,0.617
2614,0.595
2615,0.606
2616,0.6055
2617,0.6175
2618,0.613
2619,0.6105
2620,0.584
2621,0.6045
2622,0.6165
2623,0.5965
2624,0.6105
2625,0.5875
2626,0.59
2627,0.5995
2628,0.6035
2629,0.6035
2630,0.5935
2631,0.5915
2632,0.6185
2633,0.603
2634,0.6085
2635,0.5855
2636,0.595
2637,0.5975
2638,0.608
2639,0.599
2640,0.586
2641,0.572
2642,0.588
2643,0.591
2644,0.5775
2645,0.5865
2646,0.5855
2647,0.5775
2648,0.58
2649,0.5925
2650,0.5745
2651,0.5885
2652,0.5775
2653,0.5885
2654,0.5925
2655,0.589
2656,0.5805
2657,0.603
2658,0.598
2659,0.608
2660,0.5985
2661,0.575
2662,0.591
2663,0.5905
2664,0.602
2665,0.5955
2666,0.6055
2667,0.583
2668,0.595
2669,0.596
2670,0.577
2671,0.591
2672,0.584
2673,0.583
2674,0.5965
2675,0.579
2676,0.578
2677,0.573
2678,0.575
2679,0.588
2680,0.567
2681,0.588
2682,0.5785
2683,0.582
2684,0.5825
2685,0.57
2686,0.5755
2687,0.592
2688,0.586
2689,0.5815
2690,0.5805
2691,0.5845
2692,0.5925
2693,0.614
2694,0.5975
2695,0.5925
2696,0.594
2697,0.589
2698,0.602
2699,0.61
2700,0.6115
2701,0.591
2702,0.6035
2703,0.6035
2704,0.5995
2705,0.598
2706,0.5715
2707,0.5865
2708,0.5875
2709,0.6075
2710,0.587
2711,0.584
2712,0.603
2713,0.6
2714,0.5915
2715,0.5765
2716,0.5845
2717,0.5945
2718,0.5895
2719,0.6185
2720,0.576
2721,0.593
2722,0.596
2723,0.5935
2724,0.566
2725,0.587
2726,0.588
2727,0.596
2728,0.6005
2729,0.601
2730,0.5745
2731,0.5875
2732,0.5895
2733,0.5995
2734,0.6115
2735,0.609
2736,0.598
2737,0.5935
2738,0.604
2739,0.623
2740,0.585
2741,0.601
2742,0.6045
2743,0.6005
2744,0.602
2745,0.617
2746,0.601
2747,0.592
2748,0.6155
2749,0.609
2750,0.611
2751,0.606
2752,0.6155
2753,0.611
2754,0.614
2755,0.598
2756,0.5895
2757,0.606
2758,0.6245
2759,0.6165
2760,0.5865
2761,0.601
2762,0.601
2763,0.6095
2764,0.589
2765,0.591
2766,0.604
2767,0.598
2768,0.61
2769,0.601
2770,0.594
2771,0.601
2772,0.612
2773,0.6205
2774,0.631
2775,0.594
2776,0.603
2777,0.585
2778,0.599
2779,0.607
2780,0.602
2781,0.5985
2782,0.6175
2783,0.602
2784,0.6045
2785,0.591
2786,0.615
2787,0.612
2788,0.605
2789,0.6195
2790,0.596
2791,0.587
2792,0.6045
2793,0.5995
2794,0.6025
2795,0.597
2796,0.6065
2797,0.597
2798,0.6145
2799,0.6195
2800,0.5935
2801,0.5775
2802,0.5965
2803,0.593
2804,0.614
2805,0.579
2806,0.598
2807,0.5955
2808,0.581
2809,0.591
2810,0.597
2811,0.5985
2812,0.6015
2813,0.6165
2814,0.6145
2815,0.595
2816,0.6055
2817,0.608
2818,0.6105
2819,0.613
2820,0.609
2821,0.5905
2822,0.5855
2823,0.6025
2824,0.5965
2825,0.6
2826,0.596
2827,0.616
2828,0.612
2829,0.6205
2830,0.5895
2831,0.5945
2832,0.582
2833,0.6155
2834,0.613
2835,0.608
2836,0.6065
2837,0.6085
2838,0.628
2839,0.6075
2840,0.5935
2841,0.595
2842,0.595
2843,0.592
2844,0.6045
2845,0.589
2846,0.5845
2847,0.591
2848,0.6005
2849,0.582
2850,0.6
2851,0.6025
2852,0.6175
2853,0.609
2854,0.623
2855,0.5945
2856,0.602
2857,0.588
2858,0.601
2859,0.6135
2860,0.603
2861,0.606
2862,0.6055
2863,0.603
2864,0.608
2865,0.573
2866,0.5885
2867,0.598
2868,0.597
2869,0.601
2870,0.5755
2871,0.581
2872,0.599
2873,0.5835
2874,0.5745
2875,0.5695
2876,0.593
2877,0.5935
2878,0.595
2879,0.611
2880,0.5725
2881,0.574
2882,0.589
2883,0.6025
2884,0.5835
2885,0.596
2886,0.574
2887,0.564
2888,0.594
2889,0.5995
2890,0.58
2891,0.5985
2892,0.587
2893,0.601
2894,0.5985
2895,0.5945
2896,0.5985
2897,0.606
2898,0.615
2899,0.613
2900,0.583
2901,0.5965
2902,0.5855
2903,0.5905
2904,0.605
2905,0.58
2906,0.584
2907,0.5945
2908,0.593
2909,0.5915
2910,0.5935
2911,0.613
2912,0.5955
2913,0.6145
2914,0.6045
2915,0.5935
2916,0.588
2917,0.5905
2918,0.611
2919,0.62
2920,0.5795
2921,0.601
2922,0.599
2923,0.607
2924,0.6045
2925,0.6025
2926,0.6125
2927,0.6275
2928,0.612
2929,0.618
2930,0.6095
2931,0.6055
2932,0.598
2933,0.611
2934,0.607
2935,0.581
2936,0.5795
2937,0.594
2938,0.599
2939,0.616
2940,0.5915
2941,0.5795
2942,0.585
2943,0.5875
2944,0.6025
2945,0.597
2946,0.5915
2947,0.59
2948,0.5945
2949,0.596
2950,0.5795
2951,0.5905
2952,0.574
2953,0.5945
2954,0.602
2955,0.592
2956,0.588
2957,0.6005
2958,0.607
2959,0.61
2960,0.588
2961,0.595
2962,0.5905
2963,0.5965
2964,0.6045
2965,0.584
2966,0.5865
2967,0.596
2968,0.5965
2969,0.607
2970,0.589
2971,0.5915
2972,0.596
2973,0.592
2974,0.598
2975,0.586
2976,0.589
2977,0.59
2978,0.594
2979,0.599
2980,0.58
2981,0.5835
2982,0.5955
2983,0.597
2984,0.5985
2985,0.5875
2986,0.597
2987,0.6045
2988,0.601
2989,0.5925
2990,0.5755
2991,0.5875
2992,0.583
2993,0.604
2994,0.6
2995,0.5975
2996,0.605
2997,0.5985
2998,0.595
2999,0.6045
3000,0.5945
3001,0.5965
3002,0.596
3003,0.595
3004,0.5975
3005,0.5835
3006,0.595
3007,0.5975
3008,0.6065
3009,0.6245
3010,0.587
3011,0.591
3012,0.605
3013,0.5985
3014,0.608
3015,0.5895
3016,0.588
3017,0.573
3018,0.589
3019,0.5925
3020,0.5925
3021,0.585
3022,0.5865
3023,0.6035
3024,0.6005
3025,0.5925
3026,0.587
3027,0.603
3028,0.6025
3029,0.6075
3030,0.587
3031,0.5945
3032,0.606
3033,0.591
3034,0.598
3035,0.612
3036,0.5955
3037,0.6055
3038,0.6055
3039,0.616
3040,0.581
3041,0.5695
3042,0.5935
3043,0.594
3044,0.6035
3045,0.5795
3046,0.5885
3047,0.594
3048,0.5915
3049,0.589
3050,0.587
3051,0.5955
3052,0.6005
3053,0.615
3054,0.6025
3055,0.589
3056,0.5685
3057,0.598
3058,0.589
3059,0.5925
3060,0.5805
3061,0.5905
3062,0.5935
3063,0.5855
3064,0.582
3065,0.586
3066,0.594
3067,0.5885
3068,0.591
3069,0.605
3070,0.587
3071,0.5935
3072,0.6
3073,0.602
3074,0.603
3075,0.5975
3076,0.5945
3077,0.602
3078,0.6065
3079,0.611
3080,0.5865
3081,0.6125
3082,0.615
3083,0.612
3084,0.603
3085,0.6015
3086,0.5875
3087,0.603
3088,0.614
3089,0.6005
3090,0.6065
3091,0.599
3092,0.6125
3093,0.606
3094,0.6065
3095,0.602
3096,0.5955
3097,0.6005
3098,0.6225
3099,0.6325
3100,0.5805
3101,0.595
3102,0.5935
3103,0.594
3104,0.6125
3105,0.575
3106,0.578
3107,0.594
3108,0.598
3109,0.6115
3110,0.577
3111,0.5825
3112,0.5815
3113,0.5805
3114,0.603
3115,0.587
3116,0.5905
3117,0.592
3118,0.608
3119,0.5875
3120,0.5935
3121,0.6035
3122,0.6005
3123,0.606
3124,0.6045
3125,0.5925
3126,0.5855
3127,0.586
3128,0.594
3129,0.589
3130,0.611
3131,0.606
3132,0.616
3133,0.615
3134,0.612
3135,0.5975
3136,0.612
3137,0.608
3138,0.598
3139,0.609
3140,0.5815
3141,0.579
3142,0.591
3143,0.599
3144,0.6055
3145,0.5945
3146,0.592
3147,0.597
3148,0.5985
3149,0.6165
3150,0.575
3151,0.606
3152,0.592
3153,0.5855
3154,0.5955
3155,0.59
3156,0.608
3157,0.593
3158,0.6105
3159,0.603
3160,0.607
3161,0.5945
3162,0.6
3163,0.6125
3164,0.6125
3165,0.5915
3166,0.594
3167,0.5905
3168,0.594
3169,0.6005
3170,0.5935
3171,0.599
3172,0.597
3173,0.5985
3174,0.6135
3175,0.583
3176,0.5815
3177,0.5935
3178,0.5965
3179,0.6
3180,0.5915
3181,0.6025
3182,0.5825
3183,0.6035
3184,0.5985
3185,0.5915
3186,0.5945
3187,0.604
3188,0.6015
3189,0.612
3190,0.5925
3191,0.5935
3192,0.6125
3193,0.607
3194,0.6
3195,0.5875
3196,0.588
3197,0.6
3198,0.5925
3199,0.609
3200,0.5815
3201,0.5935
3202,0.599
3203,0.6085
3204,0.5955
3205,0.5895
3206,0.588
3207,0.581
3208,0.6005
3209,0.5975
3210,0.5815
3211,0.5785
3212,0.5785
3213,0.5875
3214,0.588
3215,0.582
3216,0.588
3217,0.59
3218,0.597
3219,0.5875
3220,0.6015
3221,0.5985
3222,0.587
3223,0.6115
3224,0.612
3225,0.604
3226,0.6115
3227,0.605
3228,0.62
3229,0.621
3230,0.595
3231,0.5895
3232,0.6
3233,0.6015
3234,0.607
3235,0.584
3236,0.5985
3237,0.5965
3238,0.5945
3239,0.6125
3240,0.592
3241,0.592
3242,0.5975
3243,0.5985
3244,0.591
3245,0.6105
3246,0.603
3247,0.613
3248,0.6145
3249,0.607
3250,0.589
3251,0.5815
3252,0.6045
3253,0.622
3254,0.601
3255,0.593
3256,0.5885
3257,0.6035
3258,0.612
3259,0.598
3260,0.5765
3261,0.5755
3262,0.573
3263,0.582
3264,0.598
3265,0.585
3266,0.5705
3267,0.577
3268,0.611
3269,0.5735
3270,0.5625
3271,0.569
3272,0.5865
3273,0.5805
3274,0.5895
3275,0.6015
3276,0.5855
3277,0.6075
3278,0.5825
3279,0.599
3280,0.583
3281,0.5875
3282,0.6
3283,0.5885
3284,0.601
3285,0.581
3286,0.588
3287,0.5885
3288,0.5835
3289,0.596
3290,0.5945
3291,0.591
3292,0.584
3293,0.6005
3294,0.5995
3295,0.596
3296,0.592
3297,0.586
3298,0.599
3299,0.601
3300,0.6
3301,0.6045
3302,0.6005
3303,0.5985
3304,0.6085
3305,0.5785
3306,0.598
3307,0.5925
3308,0.612
3309,0.591
3310,0.595
3311,0.591
3312,0.584
3313,0.595
3314,0.605
3315,0.574
3316,0.5805
3317,0.5905
3318,0.591
3319,0.598
3320,0.593
3321,0.609
3322,0.602
3323,0.596
3324,0.6105
3325,0.591
3326,0.5895
3327,0.5865
3328,0.5955
3329,0.617
3330,0.579
3331,0.5855
3332,0.607
3333,0.592
3334,0.6045
3335,0.6
3336,0.596
3337,0.603
3338,0.6115
3339,0.6185
3340,0.5715
3341,0.583
3342,0.5935
3343,0.591
3344,0.589
3345,0.5995
3346,0.582
3347,0.6005
3348,0.597
3349,0.602
3350,0.5915
3351,0.602
3352,0.605
3353,0.603
3354,0.624
3355,0.582
3356,0.603
3357,0.596
3358,0.5955
3359,0.591
3360,0.588
3361,0.58
3362,0.583
3363,0.607
3364,0.602
3365,0.6
3366,0.597
3367,0.591
3368,0.6075
3369,0.611
3370,0.5995
3371,0.6125
3372,0.6095
3373,0.6135
3374,0.6205
3375,0.613
3376,0.607
3377,0.615
3378,0.6165
3379,0.6145
3380,0.608
3381,0.6105
3382,0.6165
3383,0.6205
3384,0.6155
3385,0.5895
3386,0.6045
3387,0.602
3388,0.6105
3389,0.608
3390,0.607
3391,0.5815
3392,0.6205
3393,0.5985
3394,0.608
3395,0.6295
3396,0.6175
3397,0.6145
3398,0.6265
3399,0.63
3400,0.592
3401,0.5915
3402,0.5915
3403,0.599
3404,0.614
3405,0.584
3406,0.596
3407,0.5995
3408,0.618
3409,0.607
3410,0.598
3411,0.5965
3412,0.624
3413,0.6075
3414,0.607
3415,0.589
3416,0.594
3417,0.6
3418,0.6105
3419,0.611
3420,0.588
3421,0.5855
3422,0.5965
3423,0.597
3424,0.595
3425,0.591
3426,0.5895
3427,0.6085
3428,0.603
3429,0.608
3430,0.604
3431,0.608
3432,0.6015
3433,0.6125
3434,0.627
3435,0.5915
3436,0.6085
3437,0.5985
3438,0.6
3439,0.615
3440,0.569
3441,0.58
3442,0.584
3443,0.6
3444,0.6065
3445,0.5905
3446,0.603
3447,0.605
3448,0.618
3449,0.625
3450,0.597
3451,0.6065
3452,0.6115
3453,0.588
3454,0.6125
3455,0.597
3456,0.5955
3457,0.5965
3458,0.6035
3459,0.5945
3460,0.587
3461,0.5775
3462,0.5925
3463,0.611
3464,0.607
3465,0.5825
3466,0.598
3467,0.598
3468,0.5975
3469,0.6105
3470,0.5865
3471,0.5775
3472,0.596
3473,0.5915
3474,0.5965
3475,0.6255
3476,0.6025
3477,0.612
3478,0.604
3479,0.6205
3480,0.59
3481,0.594
3482,0.593
3483,0.6115
3484,0.6155
3485,0.6025
3486,0.589
3487,0.592
3488,0.598
3489,0.5975
3490,0.585
3491,0.5895
3492,0.59
3493,0.601
3494,0.6095
3495,0.595
3496,0.5895
3497,0.6065
3498,0.611
3499,0.622
3500,0.5875
3501,0.5865
3502,0.5825
3503,0.5875
3504,0.609
3505,0.586
3506,0.601
3507,0.6025
3508,0.6055
3509,0.611
3510,0.601
3511,0.6085
3512,0.6065
3513,0.6005
3514,0.6
3515,0.5945
3516,0.5905
3517,0.5815
3518,0.6005
3519,0.6075
3520,0.591
3521,0.595
3522,0.608
3523,0.6125
3524,0.5845
3525,0.6045
3526,0.5855
3527,0.592
3528,0.605
3529,0.602
3530,0.596
3531,0.5985
3532,0.5905
3533,0.5915
3534,0.613
3535,0.5725
3536,0.581
3537,0.594
3538,0.598
3539,0.594
3540,0.587
3541,0.599
3542,0.588
3543,0.5995
3544,0.622
3545,0.5865
3546,0.6005
3547,0.596
3548,0.6025
3549,0.6025
3550,0.5855
3551,0.5895
3552,0.5895
3553,0.6065
3554,0.6025
3555,0.596
3556,0.615
3557,0.5905
3558,0.6115
3559,0.5985
3560,0.5885
3561,0.59
3562,0.5855
3563,0.5955
3564,0.5965
3565,0.583
3566,0.5915
3567,0.591
3568,0.603
3569,0.605
3570,0.564
3571,0.5695
3572,0.5825
3573,0.5785
3574,0.5975
3575,0.5975
3576,0.6125
3577,0.605
3578,0.605
3579,0.601
3580,0.593
3581,0.59
3582,0.596
3583,0.604
3584,0.6085
3585,0.5955
3586,0.5885
3587,0.5835
3588,0.607
3589,0.6195
3590,0.5935
3591,0.576
3592,0.6075
3593,0.588
3594,0.5935
3595,0.59
3596,0.5935
3597,0.593
3598,0.6
3599,0.5955
3600,0.5875
3601,0.5965
3602,0.5865
3603,0.6005
3604,0.6
3605,0.5715
3606,0.5885
3607,0.5875
3608,0.598
3609,0.6045
3610,0.5885
3611,0.588
3612,0.6095
3613,0.597
3614,0.5985
3615,0.5765
3616,0.588
3617,0.5885
3618,0.592
3619,0.601
3620,0.591
3621,0.586
3622,0.59
3623,0.586
3624,0.597
3625,0.577
3626,0.595
3627,0.597
3628,0.595
3629,0.5895
3630,0.602
3631,0.5935
3632,0.614
3633,0.6245
3634,0.6155
3635,0.5895
3636,0.601
3637,0.5965
3638,0.601
3639,0.604
3640,0.5945
3641,0.598
3642,0.589
3643,0.5955
3644,0.613
3645,0.583
3646,0.587
3647,0.5945
3648,0.586
3649,0.592
3650,0.5825
3651,0.586
3652,0.5945
3653,0.5895
3654,0.616
3655,0.601
3656,0.593
3657,0.616
3658,0.6045
3659,0.6045
3660,0.5905
3661,0.5855
3662,0.586
3663,0.597
3664,0.599
3665,0.599
3666,0.5995
3667,0.6205
3668,0.61
3669,0.6205
3670,0.5965
3671,0.592
3672,0.6105
3673,0.5945
3674,0.6025
3675,0.6075
3676,0.595
3677,0.603
3678,0.588
3679,0.589
3680,0.6065
3681,0.6015
3682,0.608
3683,0.6115
3684,0.607
3685,0.5785
3686,0.5885
3687,0.599
3688,0.5815
3689,0.603
3690,0.6
3691,0.6195
3692,0.5885
3693,0.6155
3694,0.609
3695,0.5925
3696,0.5935
3697,0.5895
3698,0.603
3699,0.596
3700,0.5885
3701,0.5915
3702,0.5945
3703,0.5995
3704,0.6025
3705,0.612
3706,0.5975
3707,0.6115
3708,0.5935
3709,0.609
3710,0.5925
3711,0.599
3712,0.589
3713,0.596
3714,0.613
3715,0.5975
3716,0.5965
3717,0.6055
3718,0.598
3719,0.607
3720,0.616
3721,0.6135
3722,0.613
3723,0.619
3724,0.6125
3725,0.596
3726,0.608
3727,0.6005
3728,0.599
3729,0.633
3730,0.5995
3731,0.5995
3732,0.5915
3733,0.6005
3734,0.5885
3735,0.5785
3736,0.5855
3737,0.5985
3738,0.6
3739,0.6095
3740,0.591
3741,0.5775
3742,0.593
3743,0.607
3744,0.605
3745,0.5905
3746,0.5925
3747,0.5965
3748,0.5885
3749,0.6175
3750,0.5865
3751,0.5935
3752,0.5965
3753,0.598
3754,0.61
3755,0.595
3756,0.5855
3757,0.5915
3758,0.5925
3759,0.6185
3760,0.5895
3761,0.591
3762,0.5975
3763,0.611
3764,0.6015
3765,0.597
3766,0.5975
3767,0.585
3768,0.603
3769,0.6225
3770,0.598
3771,0.5925
3772,0.606
3773,0.614
3774,0.6155
3775,0.5735
3776,0.606
3777,0.593
3778,0.6015
3779,0.5975
3780,0.606
3781,0.613
3782,0.6005
3783,0.6205
3784,0.588
3785,0.602
3786,0.6035
3787,0.595
3788,0.6065
3789,0.584
3790,0.5925
3791,0.5575
3792,0.582
3793,0.6065
3794,0.5955
3795,0.5815
3796,0.5965
3797,0.585
3798,0.599
3799,0.5945
3800,0.6175
3801,0.6115
3802,0.616
3803,0.631
3804,0.613
3805,0.5685
3806,0.584
3807,0.6025
3808,0.577
3809,0.5935
3810,0.611
3811,0.6045
3812,0.6045
3813,0.6115
3814,0.603
3815,0.6095
3816,0.5955
3817,0.589
3818,0.583
3819,0.588
3820,0.5785
3821,0.585
3822,0.5955
3823,0.5965
3824,0.583
3825,0.578
3826,0.584
3827,0.591
3828,0.587
3829,0.596
3830,0.587
3831,0.5845
3832,0.588
3833,0.588
3834,0.596
3835,0.599
3836,0.6005
3837,0.6005
3838,0.612
3839,0.6055
3840,0.5735
3841,0.5845
3842,0.584
3843,0.6205
3844,0.594
3845,0.575
3846,0.5825
3847,0.6035
3848,0.5845
3849,0.5905
3850,0.5925
3851,0.5975
3852,0.59
3853,0.6045
3854,0.605
3855,0.5765
3856,0.593
3857,0.59
3858,0.5885
3859,0.6055
3860,0.574
3861,0.581
3862,0.5705
3863,0.603
3864,0.605
3865,0.595
3866,0.5965
3867,0.602
3868,0.607
3869,0.598
3870,0.589
3871,0.5955
3872,0.5945
3873,0.574
3874,0.5885
3875,0.605
3876,0.621
3877,0.611
3878,0.598
3879,0.606
3880,0.581
3881,0.595
3882,0.615
3883,0.5985
3884,0.5915
3885,0.596
3886,0.5795
3887,0.603
3888,0.597
3889,0.6045
3890,0.5945
3891,0.5855
3892,0.587
3893,0.5965
3894,0.6025
3895,0.6055
3896,0.6025
3897,0.5975
3898,0.6115
3899,0.6125
3900,0.588
3901,0.5955
3902,0.583
3903,0.6055
3904,0.5995
3905,0.5895
3906,0.5825
3907,0.589
3908,0.5975
3909,0.591
3910,0.579
3911,0.582
3912,0.5975
3913,0.6
3914,0.614
3915,0.5925
3916,0.606
3917,0.6045
3918,0.609
3919,0.6205
3920,0.586
3921,0.5915
3922,0.5865
3923,0.5975
3924,0.598
3925,0.609
3926,0.6015
3927,0.5955
3928,0.5955
3929,0.5955
3930,0.5895
3931,0.6105
3932,0.5985
3933,0.5935
3934,0.6025
3935,0.5765
3936,0.5835
3937,0.589
3938,0.5895
3939,0.579
3940,0.592
3941,0.5855
3942,0.583
3943,0.5985
3944,0.5885
3945,0.596
3946,0.5795
3947,0.596
3948,0.6085
3949,0.5925
3950,0.573
3951,0.595
3952,0.5945
3953,0.6035
3954,0.594
3955,0.59
3956,0.5965
3957,0.5905
3958,0.6045
3959,0.605
3960,0.57
3961,0.5805
3962,0.5915
3963,0.5975
3964,0.593
3965,0.595
3966,0.5945
3967,0.6045
3968,0.597
3969,0.5995
3970,0.579
3971,0.6025
3972,0.577
3973,0.607
3974,0.607
3975,0.586
3976,0.575
3977,0.588
3978,0.606
3979,0.609
3980,0.5865
3981,0.5865
3982,0.5925
3983,0.592
3984,0.5885
3985,0.5955
3986,0.5915
3987,0.5905
3988,0.618
3989,0.5945
3990,0.5955
3991,0.5845
3992,0.5975
3993,0.5975
3994,0.5935
3995,0.574
3996,0.58
3997,0.597
3998,0.597
3999,0.5975
4000,0.5985
4001,0.6025
4002,0.582
4003,0.609
4004,0.597
4005,0.5935
4006,0.597
4007,0.6035
4008,0.594
4009,0.583
4010,0.5995
4011,0.5985
4012,0.5805
4013,0.5855
4014,0.596
4015,0.5955
4016,0.5925
4017,0.5925
4018,0.591
4019,0.601
4020,0.599
4021,0.6085
4022,0.605
4023,0.61
4024,0.594
4025,0.595
4026,0.5855
4027,0.6055
4028,0.6225
4029,0.609
4030,0.5925
4031,0.599
4032,0.598
4033,0.608
4034,0.6
4035,0.6035
4036,0.579
4037,0.597
4038,0.6015
4039,0.61
4040,0.573
4041,0.5695
4042,0.5765
4043,0.582
4044,0.587
4045,0.577
4046,0.6
4047,0.5915
4048,0.588
4049,0.593
4050,0.58
4051,0.586
4052,0.603
4053,0.601
4054,0.6225
4055,0.5765
4056,0.571
4057,0.5995
4058,0.594
4059,0.5875
4060,0.5885
4061,0.5975
4062,0.598
4063,0.603
4064,0.597
4065,0.612
4066,0.614
4067,0.6105
4068,0.623
4069,0.6075
4070,0.625
4071,0.6125
4072,0.6305
4073,0.6205
4074,0.621
4075,0.594
4076,0.613
4077,0.6145
4078,0.6165
4079,0.5985
4080,0.596
4081,0.598
4082,0.584
4083,0.595
4084,0.6135
4085,0.597
4086,0.5995
4087,0.6075
4088,0.6015
4089,0.602
4090,0.604
4091,0.615
4092,0.6015
4093,0.6035
4094,0.6155
4095,0.588
4096,0.5945
4097,0.6085
4098,0.5975
4099,0.6065
4100,0.5975
4101,0.5925
4102,0.619
4103,0.606
4104,0.61
4105,0.5905
4106,0.597
4107,0.5915
4108,0.594
4109,0.607
4110,0.575
4111,0.5915
4112,0.605
4113,0.595
4114,0.6105
4115,0.597
4116,0.6185
4117,0.608
4118,0.6105
4119,0.6255
4120,0.59
4121,0.6085
4122,0.6005
4123,0.609
4124,0.608
4125,0.5955
4126,0.6005
4127,0.5995
4128,0.606
4129,0.608
4130,0.5775
4131,0.6
4132,0.578
4133,0.589
4134,0.598
4135,0.5955
4136,0.5915
4137,0.5995
4138,0.599
4139,0.5965
4140,0.585
4141,0.6
4142,0.6035
4143,0.62
4144,0.612
4145,0.605
4146,0.6075
4147,0.6045
4148,0.6225
4149,0.624
4150,0.62
4151,0.6395
4152,0.603
4153,0.6045
4154,0.6235
4155,0.608
4156,0.607
4157,0.618
4158,0.6135
4159,0.6125
4160,0.594
4161,0.593
4162,0.6145
4163,0.6155
4164,0.609
4165,0.593
4166,0.5945
4167,0.5995
4168,0.6215
4169,0.63
4170,0.6165
4171,0.619
4172,0.6125
4173,0.623
4174,0.623
4175,0.6055
4176,0.5965
4177,0.614
4178,0.6235
4179,0.6265
4180,0.604
4181,0.609
4182,0.6175
4183,0.6225
4184,0.619
4185,0.61
4186,0.6095
4187,0.6045
4188,0.604
4189,0.609
4190,0.5785
4191,0.606
4192,0.6275
4193,0.591
4194,0.606
4195,0.594
4196,0.6085
4197,0.6065
4198,0.6095
4199,0.6
4200,0.5845
4201,0.5995
4202,0.5975
4203,0.5815
4204,0.596
4205,0.593
4206,0.587
4207,0.5765
4208,0.5985
4209,0.6075
4210,0.6005
4211,0.605
4212,0.5935
4213,0.604
4214,0.623
4215,0.59
4216,0.586
4217,0.5995
4218,0.601
4219,0.6035
4220,0.592
4221,0.576
4222,0.5905
4223,0.595
4224,0.5845
4225,0.6105
4226,0.597
4227,0.609
4228,0.604
4229,0.6165
4230,0.594
4231,0.577
4232,0.59
4233,0.585
4234,0.5965
4235,0.594
4236,0.599
4237,0.617
4238,0.5995
4239,0.616
4240,0.5975
4241,0.6
4242,0.5895
4243,0.607
4244,0.6045
4245,0.598
4246,0.596
4247,0.602
4248,0.6055
4249,0.608
4250,0.584
4251,0.5805
4252,0.5935
4253,0.5995
4254,0.5985
4255,0.598
4256,0.594
4257,0.596
4258,0.5955
4259,0.625
4260,0.6015
4261,0.59
4262,0.598
4263,0.613
4264,0.6095
4265,0.591
4266,0.596
4267,0.5915
4268,0.5935
4269,0.6155
4270,0.597
4271,0.6075
4272,0.606
4273,0.612
4274,0.6225
4275,0.5815
4276,0.5955
4277,0.594
4278,0.593
4279,0.614
4280,0.577
4281,0.5865
4282,0.5885
4283,0.592
4284,0.605
4285,0.592
4286,0.585
4287,0.5895
4288,0.5935
4289,0.603
4290,0.6065
4291,0.602
4292,0.6275
4293,0.6165
4294,0.634
4295,0.5935
4296,0.6045
4297,0.6155
4298,0.612
4299,0.605
4300,0.586
4301,0.5885
4302,0.599
4303,0.587
4304,0.6005
4305,0.6025
4306,0.6015
4307,0.599
4308,0.613
4309,0.618
4310,0.606
4311,0.588
4312,0.617
4313,0.608
4314,0.626
4315,0.5825
4316,0.601
4317,0.5895
4318,0.5945
4319,0.6045
4320,0.582
4321,0.584
4322,0.588
4323,0.589
4324,0.602
4325,0.5855
4326,0.597
4327,0.5995
4328,0.5945
4329,0.615
4330,0.602
4331,0.6125
4332,0.614
4333,0.616
4334,0.6315
4335,0.6045
4336,0.6
4337,0.6075
4338,0.6185
4339,0.614
4340,0.59
4341,0.581
4342,0.598
4343,0.602
4344,0.603
4345,0.598
4346,0.595
4347,0.619
4348,0.6125
4349,0.594
4350,0.5805
4351,0.589
4352,0.5935
4353,0.5955
4354,0.6045
4355,0.608
4356,0.5885
4357,0.581
4358,0.6145
4359,0.61
4360,0.579
4361,0.58
4362,0.6015
4363,0.6135
4364,0.6075
4365,0.5795
4366,0.598
4367,0.581
4368,0.6045
4369,0.5945
4370,0.6065
4371,0.5935
4372,0.5915
4373,0.602
4374,0.6125
4375,0.601
4376,0.584
4377,0.6085
4378,0.608
4379,0.613
4380,0.5975
4381,0.6015
4382,0.5835
4383,0.608
4384,0.6035
4385,0.609
4386,0.605
4387,0.6115
4388,0.6265
4389,0.6175
4390,0.579
4391,0.5845
4392,0.596
4393,0.587
4394,0.5995
4395,0.586
4396,0.5955
4397,0.597
4398,0.599
4399,0.6115
4400,0.601
4401,0.6005
4402,0.602
4403,0.611
4404,0.604
4405,0.5965
4406,0.588
4407,0.597
4408,0.5995
4409,0.605
4410,0.605
4411,0.585
4412,0.5935
4413,0.617
4414,0.6155
4415,0.6025
4416,0.6035
4417,0.6185
4418,0.6115
4419,0.6155
4420,0.593
4421,0.5775
4422,0.6085
4423,0.594
4424,0.6095
4425,0.586
4426,0.5975
4427,0.6165
4428,0.608
4429,0.6195
4430,0.604
4431,0.6015
4432,0.625
4433,0.6195
4434,0.6245
4435,0.587
4436,0.613
4437,0.606
4438,0.604
4439,0.6115
4440,0.585
4441,0.5855
4442,0.585
4443,0.603
4444,0.6215
4445,0.5825
4446,0.5905
4447,0.591
4448,0.5965
4449,0.5995
4450,0.582
4451,0.58
4452,0.592
4453,0.587
4454,0.6035
4455,0.6085
4456,0.592
4457,0.5995
4458,0.5885
4459,0.613
4460,0.5905
4461,0.597
4462,0.5975
4463,0.616
4464,0.6015
4465,0.5975
4466,0.5805
4467,0.599
4468,0.5945
4469,0.6075
4470,0.602
4471,0.6055
4472,0.612
4473,0.62
4474,0.598
4475,0.5925
4476,0.6045
4477,0.6035
4478,0.6065
4479,0.608
4480,0.5835
4481,0.5935
4482,0.5915
4483,0.5805
4484,0.5965
4485,0.5795
4486,0.567
4487,0.5935
4488,0.5755
4489,0.591
4490,0.5945
4491,0.585
4492,0.5915
4493,0.5965
4494,0.5905
4495,0.5715
4496,0.5715
4497,0.5955
4498,0.6085
4499,0.5965
4500,0.598
4501,0.6005
4502,0.6075
4503,0.618
4504,0.622
4505,0.568
4506,0.5895
4507,0.583
4508,0.595
4509,0.5885
4510,0.5905
4511,0.5865
4512,0.5795
4513,0.593
4514,0.601
4515,0.581
4516,0.5895
4517,0.6095
4518,0.605
4519,0.5975
4520,0.586
4521,0.6
4522,0.5955
4523,0.597
4524,0.5885
4525,0.594
4526,0.585
4527,0.585
4528,0.5925
4529,0.605
4530,0.588
4531,0.597
4532,0.5985
4533,0.6085
4534,0.5975
4535,0.577
4536,0.5845
4537,0.605
4538,0.5925
4539,0.605
4540,0.5835
4541,0.597
4542,0.5935
4543,0.608
4544,0.5985
4545,0.595
4546,0.588
4547,0.594
4548,0.5905
4549,0.599
4550,0.593
4551,0.595
4552,0.594
4553,0.607
4554,0.6115
4555,0.599
4556,0.6195
4557,0.6235
4558,0.5895
4559,0.6105
4560,0.577
4561,0.6015
4562,0.6
4563,0.583
4564,0.5935
4565,0.596
4566,0.5865
4567,0.5915
4568,0.6135
4569,0.589
4570,0.5995
4571,0.5985
4572,0.5945
4573,0.6035
4574,0.627
4575,0.5795
4576,0.5955
4577,0.598
4578,0.6
4579,0.6055
4580,0.5975
4581,0.598
4582,0.5905
4583,0.612
4584,0.6185
4585,0.6005
4586,0.579
4587,0.611
4588,0.5915
4589,0.6035
4590,0.596
4591,0.602
4592,0.578
4593,0.5925
4594,0.616
4595,0.5815
4596,0.573
4597,0.6045
4598,0.588
4599,0.6075
4600,0.592
4601,0.59
4602,0.6015
4603,0.599
4604,0.627
4605,0.576
4606,0.58
4607,0.575
4608,0.5935
4609,0.5915
4610,0.585
4611,0.5925
4612,0.5915
4613,0.5905
4614,0.612
4615,0.5705
4616,0.5905
4617,0.5885
4618,0.6
4619,0.608
4620,0.595
4621,0.5925
4622,0.5925
4623,0.5955
4624,0.605
4625,0.5975
4626,0.5775
4627,0.5945
4628,0.5985
4629,0.593
4630,0.579
4631,0.593
4632,0.5985
4633,0.592
4634,0.6105
4635,0.559
4636,0.575
4637,0.5575
4638,0.5865
4639,0.567
4640,0.5815
4641,0.602
4642,0.586
4643,0.591
4644,0.5915
4645,0.574
4646,0.585
4647,0.5855
4648,0.6095
4649,0.6015
4650,0.596
4651,0.606
4652,0.6085
4653,0.609
4654,0.609
4655,0.5925
4656,0.613
4657,0.6145
4658,0.604
4659,0.625
4660,0.603
4661,0.5805
4662,0.597
4663,0.5855
4664,0.612
4665,0.603
4666,0.5985
4667,0.5965
4668,0.6105
4669,0.603
4670,0.5955
4671,0.604
4672,0.6025
4673,0.6015
4674,0.6045
4675,0.5945
4676,0.601
4677,0.611
4678,0.6105
4679,0.625
4680,0.615
4681,0.597
4682,0.616
4683,0.6185
4684,0.632
4685,0.6115
4686,0.6135
4687,0.6305
4688,0.6295
4689,0.6205
4690,0.6135
4691,0.615
4692,0.617
4693,0.618
4694,0.628
4695,0.593
4696,0.5985
4697,0.597
4698,0.6075
4699,0.623
4700,0.591
4701,0.5885
4702,0.5875
4703,0.5965
4704,0.5945
4705,0.5735
4706,0.586
4707,0.5735
4708,0.5935
4709,0.598
4710,0.5715
4711,0.5715
4712,0.5985
4713,0.586
4714,0.6035
4715,0.5775
4716,0.6055
4717,0.592
4718,0.602
4719,0.618
4720,0.602
4721,0.6075
4722,0.595
4723,0.6115
4724,0.6155
4725,0.5895
4726,0.5985
4727,0.603
4728,0.6055
4729,0.602
4730,0.602
4731,0.5945
4732,0.609
4733,0.6145
4734,0.6175
4735,0.5825
4736,0.598
4737,0.6005
4738,0.603
4739,0.605
4740,0.6015
4741,0.604
4742,0.597
4743,0.612
4744,0.608
4745,0.5775
4746,0.5755
4747,0.578
4748,0.5935
4749,0.588
4750,0.585
4751,0.578
4752,0.577
4753,0.608
4754,0.583
4755,0.5865
4756,0.59
4757,0.596
4758,0.603
4759,0.5975
4760,0.599
4761,0.5855
4762,0.595
4763,0.6155
4764,0.6035
4765,0.592
4766,0.5775
4767,0.5975
4768,0.607
4769,0.6135
4770,0.613
4771,0.6095
4772,0.606
4773,0.628
4774,0.625
4775,0.5985
4776,0.596
4777,0.603
4778,0.616
4779,0.601
4780,0.5905
4781,0.5925
4782,0.6005
4783,0.593
4784,0.611
4785,0.606
4786,0.5995
4787,0.6
4788,0.601
4789,0.6085
4790,0.609
4791,0.6065
4792,0.589
4793,0.6145
4794,0.615
4795,0.615
4796,0.6155
4797,0.633
4798,0.623
4799,0.631
4800,0.591
4801,0.59
4802,0.6135
4803,0.601
4804,0.618
4805,0.5955
4806,0.5955
4807,0.6015
4808,0.594
4809,0.606
4810,0.5655
4811,0.5805
4812,0.5865
4813,0.5825
4814,0.598
4815,0.593
4816,0.583
4817,0.6
4818,0.601
4819,0.6
4820,0.5945
4821,0.595
4822,0.5995
4823,0.608
4824,0.5925
4825,0.598
4826,0.6055
4827,0.614
4828,0.6065
4829,0.606
4830,0.592
4831,0.5935
4832,0.5945
4833,0.61
4834,0.614
4835,0.5915
4836,0.607
4837,0.603
4838,0.5985
4839,0.6145
4840,0.584
4841,0.6
4842,0.598
4843,0.604
4844,0.603
4845,0.59
4846,0.611
4847,0.6135
4848,0.5995
4849,0.605
4850,0.5835
4851,0.5995
4852,0.6055
4853,0.614
4854,0.6
4855,0.5975
4856,0.6075
4857,0.599
4858,0.5985
4859,0.619
4860,0.5915
4861,0.5995
4862,0.608
4863,0.609
4864,0.5955
4865,0.593
4866,0.5975
4867,0.6035
4868,0.627
4869,0.618
4870,0.6015
4871,0.6105
4872,0.5835
4873,0.612
4874,0.611
4875,0.5885
4876,0.59
4877,0.591
4878,0.607
4879,0.6
4880,0.5925
4881,0.594
4882,0.5925
4883,0.607
4884,0.608
4885,0.5825
4886,0.5825
4887,0.5955
4888,0.601
4889,0.594
4890,0.604
4891,0.597
4892,0.5925
4893,0.6135
4894,0.601
4895,0.5825
4896,0.596
4897,0.5945
4898,0.5925
4899,0.602
4900,0.595
4901,0.6035
4902,0.605
4903,0.6025
4904,0.611
4905,0.5875
4906,0.5975
4907,0.6095
4908,0.606
4909,0.604
4910,0.6135
4911,0.601
4912,0.6085
4913,0.6225
4914,0.616
4915,0.59
4916,0.5975
4917,0.6225
4918,0.609
4919,0.6085
4920,0.5905
4921,0.582
4922,0.5915
4923,0.579
4924,0.5915
4925,0.5885
4926,0.6105
4927,0.566
4928,0.617
4929,0.6125
4930,0.5945
4931,0.601
4932,0.5855
4933,0.59
4934,0.5945
4935,0.601
4936,0.593
4937,0.6015
4938,0.6105
4939,0.605
4940,0.607
4941,0.608
4942,0.6235
4943,0.625
4944,0.611
4945,0.5825
4946,0.588
4947,0.619
4948,0.5925
4949,0.5995
4950,0.599
4951,0.594
4952,0.605
4953,0.6235
4954,0.6205
4955,0.6185
4956,0.5995
4957,0.598
4958,0.596
4959,0.6025
4960,0.603
4961,0.6085
4962,0.6115
4963,0.6
4964,0.6245
4965,0.5945
4966,0.583
4967,0.5915
4968,0.5955
4969,0.608
4970,0.5885
4971,0.6045
4972,0.594
4973,0.6005
4974,0.6175
4975,0.595
4976,0.6
4977,0.5905
4978,0.614
4979,0.6065
4980,0.5925
4981,0.5895
4982,0.6105
4983,0.5975
4984,0.603
4985,0.5995
4986,0.592
4987,0.5935
4988,0.598
4989,0.6025
4990,0.6055
4991,0.615
4992,0.6245
4993,0.6065
4994,0.625
4995,0.5885
4996,0.6
4997,0.593
4998,0.593
4999,0.6045
